{"cameraMode":{"drawMode":0,"name":"Shaded","section":"Shading Mode"},"sceneLighting":true,"audioPlay":false,"sceneViewState":{"showFog":true,"showMaterialUpdate":false,"showSkybox":true,"showFlares":true,"showImageEffects":true,"showParticleSystems":true},"in2DMode":false,"pivot":{"x":-2.224630355834961,"y":-0.9405084848403931,"z":-2.7258219718933107},"rotation":{"x":-0.056275349110364917,"y":0.8965510725975037,"z":-0.11931941658258438,"w":-0.42284512519836428},"size":5.647088050842285,"orthographic":false}